"Guid","AccountId","AssistantName","AssistantPhone","Birthdate","ContactNumber__c","Contact__c","CurrencyIsoCode","Department","Description","Email","EmailBouncedReason","Fax","FirstName","HomePhone","Jigsaw","LastName","LeadSource","MailingCity","MailingCountry","MailingGeocodeAccuracy","MailingLatitude","MailingLongitude","MailingPostalCode","MailingState","MailingStreet","MobilePhone","OtherCity","OtherCountry","OtherGeocodeAccuracy","OtherLatitude","OtherLongitude","OtherPhone","OtherPostalCode","OtherState","OtherStreet","Phone","ReportsToId","Salutation","Test_Email__c","Textfield__c","Title"
07e879e5-22a8-41ad-8e55-d792a1d9e37f,843fca32-ce4d-4c52-80a9-240c0a4a4469,"#N/A","#N/A","#N/A","#N/A","#N/A",USD,"#N/A","#N/A","#N/A","#N/A","#N/A",vishnu,"#N/A","#N/A",seth,"#N/A","#N/A","#N/A","#N/A","#N/A","#N/A","#N/A","#N/A","#N/A","#N/A","#N/A","#N/A","#N/A","#N/A","#N/A","#N/A","#N/A","#N/A","#N/A","#N/A","#N/A","#N/A","#N/A","#N/A","#N/A"
10356867-28b7-4ccf-84b1-89a9e52603da,36b738d4-5853-4618-a94d-10eaf8a8468f,"#N/A","#N/A","#N/A","#N/A","#N/A",USD,"#N/A","#N/A","#N/A","#N/A","#N/A",vishnu,"#N/A","#N/A",seth,"#N/A","#N/A","#N/A","#N/A","#N/A","#N/A","#N/A","#N/A","#N/A","#N/A","#N/A","#N/A","#N/A","#N/A","#N/A","#N/A","#N/A","#N/A","#N/A","#N/A","#N/A","#N/A","#N/A","#N/A","#N/A"
3ffff8b3-2ecf-4348-b962-05999c12de86,bbc2927e-1ab8-4f7a-a239-768a3703da8f,"#N/A","#N/A","#N/A","#N/A","#N/A",USD,"#N/A","#N/A","#N/A","#N/A","#N/A",vishnu,"#N/A","#N/A",seth,"#N/A","#N/A","#N/A","#N/A","#N/A","#N/A","#N/A","#N/A","#N/A","#N/A","#N/A","#N/A","#N/A","#N/A","#N/A","#N/A","#N/A","#N/A","#N/A","#N/A","#N/A","#N/A","#N/A","#N/A","#N/A"
6b6c098e-67e5-47f6-a011-cc49870704df,953d61b1-7392-4939-805c-2d0b5f7f2017,"#N/A","#N/A","#N/A","#N/A","#N/A",USD,003f400001IjeA7,Hello,vishanu4880@gmail.com,"#N/A","#N/A",Anshul,"#N/A","#N/A",Kishaly,"#N/A",New York,"#N/A","#N/A","#N/A","#N/A","#N/A",NY,"1301 Avenue of the Americas 
New York, NY 10019
USA","#N/A","#N/A","#N/A","#N/A","#N/A","#N/A","#N/A","#N/A","#N/A","#N/A","#N/A","#N/A","#N/A","#N/A","#N/A","#N/A"
8c2923d1-ab07-4beb-b196-c69c2955a576,a82a0b37-6106-4d34-ba34-260e3804984c,"#N/A","#N/A","#N/A","#N/A","#N/A",USD,"#N/A",Hello,vishanu4880@gmail.com,"#N/A","#N/A",Anshul,"#N/A","#N/A",Kishaly,"#N/A",New York,"#N/A","#N/A","#N/A","#N/A","#N/A",NY,"1301 Avenue of the Americas 
New York, NY 10019
USA","#N/A","#N/A","#N/A","#N/A","#N/A","#N/A","#N/A","#N/A","#N/A","#N/A","#N/A","#N/A","#N/A","#N/A","#N/A","#N/A"
a5305d67-60da-42f9-bd72-6eb4ad0144cc,71ff6d89-bd74-482b-b11d-6ce874fc3560,"#N/A","#N/A","#N/A","#N/A","#N/A",USD,"#N/A","#N/A","#N/A","#N/A","#N/A",Axis,"#N/A","#N/A",Bank9 Guid Test 1,"#N/A","#N/A","#N/A","#N/A","#N/A","#N/A","#N/A","#N/A","#N/A","#N/A","#N/A","#N/A","#N/A","#N/A","#N/A","#N/A","#N/A","#N/A","#N/A","#N/A","#N/A","#N/A","#N/A","#N/A","#N/A"
b34a8e59-2bd4-4e45-8809-83780decf6f3,0b11fa78-9562-4b6a-a867-7be03cadedce,"#N/A","#N/A","#N/A","#N/A","#N/A",USD,"#N/A","#N/A","#N/A","#N/A","#N/A",Axis,"#N/A","#N/A",Bank9 Guid Test,"#N/A","#N/A","#N/A","#N/A","#N/A","#N/A","#N/A","#N/A","#N/A","#N/A","#N/A","#N/A","#N/A","#N/A","#N/A","#N/A","#N/A","#N/A","#N/A","#N/A","#N/A","#N/A","#N/A","#N/A","#N/A"
be06f236-5b84-45d1-9be5-4ccd837ed76f,b04c5c89-89d5-48d5-9084-1360ecf2e6f0,"#N/A","#N/A","#N/A","#N/A","#N/A",USD,003f400001IjeA7,Hello,vishanu4880@gmail.com,"#N/A","#N/A",Anshul,"#N/A","#N/A",Kishaly,"#N/A",New York,"#N/A","#N/A","#N/A","#N/A","#N/A",NY,"1301 Avenue of the Americas 
New York, NY 10019
USA","#N/A","#N/A","#N/A","#N/A","#N/A","#N/A","#N/A","#N/A","#N/A","#N/A","#N/A","#N/A","#N/A","#N/A","#N/A","#N/A"
da09cb98-ba41-4260-be18-3db46332a165,cf3fc887-c87f-4dfb-8af6-919f8536c592,"#N/A","#N/A","#N/A","#N/A","#N/A",USD,"#N/A","#N/A","#N/A","#N/A","#N/A",vishnu,"#N/A","#N/A",seth,"#N/A","#N/A","#N/A","#N/A","#N/A","#N/A","#N/A","#N/A","#N/A","#N/A","#N/A","#N/A","#N/A","#N/A","#N/A","#N/A","#N/A","#N/A","#N/A","#N/A","#N/A","#N/A","#N/A","#N/A","#N/A"
f770e8e2-b5f8-4244-bfa1-c2a6afbfe3fe,05f44339-91ca-401d-9bcc-0d440e2b5c6c,"#N/A","#N/A","#N/A","#N/A","#N/A",USD,"#N/A","#N/A","#N/A","#N/A","#N/A",Axis,"#N/A","#N/A",Bank9 Guid Test 1,"#N/A","#N/A","#N/A","#N/A","#N/A","#N/A","#N/A","#N/A","#N/A","#N/A","#N/A","#N/A","#N/A","#N/A","#N/A","#N/A","#N/A","#N/A","#N/A","#N/A","#N/A","#N/A","#N/A","#N/A","#N/A"
